quantile,"September
2026","October
2026","November
2026","December
2026","January
2027","February
2027"
1,2.1426695832941354,3.6100459524161557,2.014861514780428,3.454326043050018,1.1828996617951606,0.8588210183173599
2,1.8566253084245161,1.6302142513427196,4.0188917504427195,3.1248011056456897,1.2544491373129283,1.5689954895466385
3,2.5208991229583377,2.953749269375987,3.444018795526895,4.012975367420716,1.632560341276631,0.9705700476122268
4,2.777311076723848,3.277370499467227,3.682571373978969,3.3409973401372484,1.5158363934367238,1.2153654578496513
5,3.0454640494627383,3.2626977301256717,4.485431633274497,4.772884792997777,2.7030706071929536,2.447945423747937
6,3.608932771112775,5.66214617871587,5.2695652817150345,6.857756272015408,3.8586257670012074,3.7496676807553997
7,3.9847366893558913,5.032252648938991,6.0923108772754775,10.06846866253119,7.593157891200818,5.822028204209763
8,9.129380960597373,8.16712426588398,10.178640102318443,15.382027946188567,12.396853130428267,8.382873231731573
9,18.564707343911657,14.49506198405894,15.613828624436985,17.632759976744254,22.951086477574073,17.97254532028579
10,52.369273094158736,51.909337219674455,45.19988004625055,31.353002493269134,44.911460592781225,57.01118812594366
